{
  "name": "Dreamy AIO Minigames",
  "description": "Save around 100$ on this bundle!\r\n\r\n11 minigames in one script | Very advanced | Notifications | Stop settings\r\n\r\n\r\nWelcome to Dreamy AIO Minigames,\r\n\r\nThis script contains 10 minigames in one script. \r\n\r\n\r\n\r\nThe following minigames are added:\r\n\r\nDreamy Pest Control.\r\nDreamy Blast Furnace.\r\nDreamy Ranged Guild.\r\nDreamy Castle Wars.\r\nDreamy Nightmarezone.\r\nDreamy Wintertodt.\r\nDreamy Tempoross.\r\nDreamy trawlers.\r\nDreamy motherlode.\r\nDreamy Chompy.\r\nDreamy Mahogany Homes.",
  "version": 1.0,
  "author": "Zawy",
  "imageUrl": "https://i.imgur.com/k8ptJKZ.png",
  "threadUrl": "https://dreambot.org/forums/index.php?/topic/21873-%F0%9F%91%91dream-aio-minigames%F0%9F%91%91pest-control-blast-furnace-ranged-guild-castle-wars/",
  "storeId": 411,
  "scriptId": 1173,
  "jarFile": "jars/Dreamy_AIO_Minigames.jar",
  "optionFile": "options/Dreamy_AIO_Minigames.txt"
}